{"cameraMode":{"drawMode":0,"name":"Shaded","section":"Shading Mode"},"sceneLighting":false,"audioPlay":false,"sceneViewState":{"showFog":true,"showMaterialUpdate":false,"showSkybox":true,"showFlares":true,"showImageEffects":true,"showParticleSystems":true},"in2DMode":false,"pivot":{"x":-113.37100219726563,"y":12.40999984741211,"z":50.426998138427737},"rotation":{"x":-0.09648972749710083,"y":0.7823389768600464,"z":-0.12552759051322938,"w":-0.6023939251899719},"size":22.0,"orthographic":true}