{"cameraMode":{"drawMode":0,"name":"Shaded","section":"Shading Mode"},"sceneLighting":false,"audioPlay":false,"sceneViewState":{"showFog":true,"showMaterialUpdate":false,"showSkybox":true,"showFlares":true,"showImageEffects":true,"showParticleSystems":true},"in2DMode":false,"pivot":{"x":-119.96894073486328,"y":1.7755253314971924,"z":69.78013610839844},"rotation":{"x":-0.06659756600856781,"y":0.799183189868927,"z":-0.09037584066390991,"w":-0.5905110239982605},"size":6.280329704284668,"orthographic":true}