{"cameraMode":{"drawMode":0,"name":"Shaded","section":"Shading Mode"},"sceneLighting":false,"audioPlay":false,"sceneViewState":{"showFog":true,"showMaterialUpdate":false,"showSkybox":true,"showFlares":true,"showImageEffects":true,"showParticleSystems":true},"in2DMode":false,"pivot":{"x":-119.73411560058594,"y":1.629727840423584,"z":71.14327239990235},"rotation":{"x":-0.020591426640748979,"y":0.7781893014907837,"z":-0.02578062191605568,"w":-0.6271623969078064},"size":3.803436040878296,"orthographic":true}