{"cameraMode":{"drawMode":0,"name":"Shaded","section":"Shading Mode"},"sceneLighting":false,"audioPlay":false,"sceneViewState":{"showFog":true,"showMaterialUpdate":false,"showSkybox":true,"showFlares":true,"showImageEffects":true,"showParticleSystems":true},"in2DMode":false,"pivot":{"x":-113.37100219726563,"y":12.40999984741211,"z":50.426998138427737},"rotation":{"x":-0.09648972004652024,"y":0.7823389172554016,"z":-0.12552757561206819,"w":-0.6023938655853272},"size":22.0,"orthographic":true}