{"cameraMode":{"drawMode":0,"name":"Shaded","section":"Shading Mode"},"sceneLighting":true,"audioPlay":false,"sceneViewState":{"showFog":true,"showMaterialUpdate":false,"showSkybox":true,"showFlares":true,"showImageEffects":true,"showParticleSystems":true},"in2DMode":false,"pivot":{"x":-121.01176452636719,"y":3.0576586723327638,"z":88.47760009765625},"rotation":{"x":0.3045753240585327,"y":-0.16463808715343476,"z":0.05353860557079315,"w":0.9366226196289063},"size":20.69269371032715,"orthographic":true}