{"cameraMode":{"drawMode":0,"name":"Shaded","section":"Shading Mode"},"sceneLighting":false,"audioPlay":false,"sceneViewState":{"showFog":true,"showMaterialUpdate":false,"showSkybox":true,"showFlares":true,"showImageEffects":true,"showParticleSystems":true},"in2DMode":false,"pivot":{"x":-115.35929107666016,"y":7.238593101501465,"z":55.61142349243164},"rotation":{"x":0.19318006932735444,"y":-0.6357263922691345,"z":0.1688876450061798,"w":0.7280182242393494},"size":6.165124893188477,"orthographic":true}