{"cameraMode":{"drawMode":0,"name":"Shaded","section":"Shading Mode"},"sceneLighting":false,"audioPlay":false,"sceneViewState":{"showFog":true,"showMaterialUpdate":false,"showSkybox":true,"showFlares":true,"showImageEffects":true,"showParticleSystems":true},"in2DMode":false,"pivot":{"x":-115.41626739501953,"y":7.262066841125488,"z":55.325984954833987},"rotation":{"x":-0.21051989495754243,"y":0.761245846748352,"z":-0.29972314834594729,"w":-0.5351189374923706},"size":6.193515300750732,"orthographic":true}