{"cameraMode":{"drawMode":0,"name":"Shaded","section":"Shading Mode"},"sceneLighting":false,"audioPlay":false,"sceneViewState":{"showFog":true,"showMaterialUpdate":false,"showSkybox":true,"showFlares":true,"showImageEffects":true,"showParticleSystems":true},"in2DMode":false,"pivot":{"x":-119.12727355957031,"y":2.9753623008728029,"z":64.55223083496094},"rotation":{"x":0.3721754848957062,"y":-0.21732820570468903,"z":0.09024937450885773,"w":0.8978357315063477},"size":5.708649158477783,"orthographic":true}