{"cameraMode":{"drawMode":0,"name":"Shaded","section":"Shading Mode"},"sceneLighting":false,"audioPlay":false,"sceneViewState":{"showFog":true,"showMaterialUpdate":false,"showSkybox":true,"showFlares":true,"showImageEffects":true,"showParticleSystems":true},"in2DMode":false,"pivot":{"x":-117.1898193359375,"y":4.506543159484863,"z":60.58502197265625},"rotation":{"x":0.2713984549045563,"y":-0.7179765701293945,"z":0.37524986267089846,"w":0.5196539759635925},"size":6.925358772277832,"orthographic":true}