{"cameraMode":{"drawMode":0,"name":"Shaded","section":"Shading Mode"},"sceneLighting":false,"audioPlay":false,"sceneViewState":{"showFog":true,"showMaterialUpdate":false,"showSkybox":true,"showFlares":true,"showImageEffects":true,"showParticleSystems":true},"in2DMode":false,"pivot":{"x":-77.23735809326172,"y":33.77018356323242,"z":47.15061569213867},"rotation":{"x":0.12406403571367264,"y":-0.8641552925109863,"z":0.26028764247894289,"w":0.41242480278015139},"size":22.0,"orthographic":true}