{"cameraMode":{"drawMode":0,"name":"Shaded","section":"Shading Mode"},"sceneLighting":false,"audioPlay":false,"sceneViewState":{"showFog":true,"showMaterialUpdate":false,"showSkybox":true,"showFlares":true,"showImageEffects":true,"showParticleSystems":true},"in2DMode":false,"pivot":{"x":-119.49827575683594,"y":1.389829397201538,"z":72.65744018554688},"rotation":{"x":0.07522829622030258,"y":-0.7887493371963501,"z":0.09879664331674576,"w":0.6020418405532837},"size":4.016958713531494,"orthographic":true}