{"cameraMode":{"drawMode":0,"name":"Shaded","section":"Shading Mode"},"sceneLighting":false,"audioPlay":false,"sceneViewState":{"showFog":true,"showMaterialUpdate":false,"showSkybox":true,"showFlares":true,"showImageEffects":true,"showParticleSystems":true},"in2DMode":false,"pivot":{"x":-122.78475189208985,"y":1.1725610494613648,"z":76.95800018310547},"rotation":{"x":-0.10859078913927078,"y":0.04115244373679161,"z":-0.004499583505094051,"w":-0.9932241439819336},"size":3.387939453125,"orthographic":true}