{"cameraMode":{"drawMode":0,"name":"Shaded","section":"Shading Mode"},"sceneLighting":false,"audioPlay":false,"sceneViewState":{"showFog":true,"showMaterialUpdate":false,"showSkybox":true,"showFlares":true,"showImageEffects":true,"showParticleSystems":true},"in2DMode":false,"pivot":{"x":-119.87098693847656,"y":2.158982038497925,"z":67.95990753173828},"rotation":{"x":0.04070229083299637,"y":0.7346771955490112,"z":-0.044032786041498187,"w":0.6757616400718689},"size":3.0248165130615236,"orthographic":true}