{"cameraMode":{"drawMode":0,"name":"Shaded","section":"Shading Mode"},"sceneLighting":false,"audioPlay":false,"sceneViewState":{"showFog":true,"showMaterialUpdate":false,"showSkybox":true,"showFlares":true,"showImageEffects":true,"showParticleSystems":true},"in2DMode":false,"pivot":{"x":-119.87895202636719,"y":2.4770257472991945,"z":66.25057220458985},"rotation":{"x":-0.08117049932479859,"y":0.8228805661201477,"z":-0.12192104756832123,"w":-0.5490120649337769},"size":4.6349382400512699,"orthographic":true}