{"cameraMode":{"drawMode":0,"name":"Shaded","section":"Shading Mode"},"sceneLighting":false,"audioPlay":false,"sceneViewState":{"showFog":true,"showMaterialUpdate":false,"showSkybox":true,"showFlares":true,"showImageEffects":true,"showParticleSystems":true},"in2DMode":false,"pivot":{"x":-119.87098693847656,"y":2.158982038497925,"z":67.95990753173828},"rotation":{"x":0.012003672309219838,"y":0.013456916436553002,"z":0.000019847522708005272,"w":-0.9998374581336975},"size":22.0,"orthographic":true}