{"cameraMode":{"drawMode":0,"name":"Shaded","section":"Shading Mode"},"sceneLighting":true,"audioPlay":false,"sceneViewState":{"showFog":true,"showMaterialUpdate":false,"showSkybox":true,"showFlares":true,"showImageEffects":true,"showParticleSystems":true},"in2DMode":false,"pivot":{"x":-126.1077880859375,"y":1.2024471759796143,"z":76.37681579589844},"rotation":{"x":-0.16179968416690827,"y":0.14831030368804933,"z":-0.024601535871624948,"w":-0.975304901599884},"size":3.459031820297241,"orthographic":true}