{"cameraMode":{"drawMode":0,"name":"Shaded","section":"Shading Mode"},"sceneLighting":false,"audioPlay":false,"sceneViewState":{"showFog":true,"showMaterialUpdate":false,"showSkybox":true,"showFlares":true,"showImageEffects":true,"showParticleSystems":true},"in2DMode":false,"pivot":{"x":1.8914732933044434,"y":3.4220495223999025,"z":2.969919204711914},"rotation":{"x":-0.018124515190720559,"y":0.9712204337120056,"z":0.07853853702545166,"w":0.22412997484207154},"size":22.0,"orthographic":false}