{"cameraMode":{"drawMode":0,"name":"Shaded","section":"Shading Mode"},"sceneLighting":true,"audioPlay":false,"sceneViewState":{"showFog":true,"showMaterialUpdate":false,"showSkybox":true,"showFlares":true,"showImageEffects":true,"showParticleSystems":true},"in2DMode":false,"pivot":{"x":-121.72637939453125,"y":-2.2545456886291506,"z":87.8436508178711},"rotation":{"x":-0.10182558000087738,"y":-0.07692104578018189,"z":0.007897346280515194,"w":-0.9917925000190735},"size":24.784786224365236,"orthographic":false}