{"cameraMode":{"drawMode":0,"name":"Shaded","section":"Shading Mode"},"sceneLighting":false,"audioPlay":false,"sceneViewState":{"showFog":true,"showMaterialUpdate":false,"showSkybox":true,"showFlares":true,"showImageEffects":true,"showParticleSystems":true},"in2DMode":false,"pivot":{"x":-112.83004760742188,"y":11.706571578979493,"z":50.421817779541019},"rotation":{"x":-0.043267786502838138,"y":0.925369381904602,"z":0.1112896203994751,"w":0.3597695827484131},"size":40.010372161865237,"orthographic":false}