{"cameraMode":{"drawMode":0,"name":"Shaded","section":"Shading Mode"},"sceneLighting":false,"audioPlay":false,"sceneViewState":{"showFog":true,"showMaterialUpdate":false,"showSkybox":true,"showFlares":true,"showImageEffects":true,"showParticleSystems":true},"in2DMode":false,"pivot":{"x":-113.56976318359375,"y":11.701744079589844,"z":50.17410659790039},"rotation":{"x":-0.043267786502838138,"y":0.925369381904602,"z":0.1112896203994751,"w":0.3597695827484131},"size":40.010372161865237,"orthographic":false}