{"cameraMode":{"drawMode":0,"name":"Shaded","section":"Shading Mode"},"sceneLighting":false,"audioPlay":false,"sceneViewState":{"showFog":true,"showMaterialUpdate":false,"showSkybox":true,"showFlares":true,"showImageEffects":true,"showParticleSystems":true},"in2DMode":false,"pivot":{"x":-0.7267637252807617,"y":-8.088823318481446,"z":13.847349166870118},"rotation":{"x":-0.00791759230196476,"y":0.9422228336334229,"z":0.02232564240694046,"w":0.3341483473777771},"size":5.879745960235596,"orthographic":false}