{"cameraMode":{"drawMode":0,"name":"Shaded","section":"Shading Mode"},"sceneLighting":false,"audioPlay":false,"sceneViewState":{"showFog":true,"showMaterialUpdate":false,"showSkybox":true,"showFlares":true,"showImageEffects":true,"showParticleSystems":true},"in2DMode":false,"pivot":{"x":-115.41626739501953,"y":7.262066841125488,"z":55.325984954833987},"rotation":{"x":-0.03617100417613983,"y":-0.08474476635456085,"z":0.0030784145928919317,"w":-0.9957412481307983},"size":6.193515300750732,"orthographic":false}